<?xml version="1.0" encoding="UTF-8" ?>
<!DOCTYPE configuration PUBLIC "-//mybatis.org//DTD Config 3.0//EN" "/apps/sensmail/conf/mybatis-3-config.dtd">
<configuration>
	
	<settings>
		<setting name="cacheEnabled" value="true" />
		<setting name="defaultStatementTimeout" value="3000" />
		<setting name="jdbcTypeForNull" value="VARCHAR"/>
	</settings>

	<typeAliases>
		<package name="com.imoxion.sensmail.server.beans" />
		<package name="com.imoxion.sensmail.server.groupmail.beans" />		
	</typeAliases>

	<!-- DB가 utf-8 이 아닌경우에 사용 -->
	<!-- 
	<typeHandlers>
		<typeHandler
			handler="com.imoxion.sensmail.server.dao.typehandler.StringTypeHandler"
			javaType="String" jdbcType="String" />
	</typeHandlers>
 	-->
 
	<environments default="sensmail">
		<environment id="sensmail">
			<transactionManager type="JDBC" />
			<dataSource type="POOLED">
				<property name="driver" value="${sensmail.driverClass}" />
				<property name="url" value="${sensmail.url}" />
				<property name="username" value="${sensmail.username}" />
				<property name="password" value="${sensmail.password}" />
				<!--  
				<property name="poolMaximumActiveConnections" value="16" />
				<property name="poolMaximumIdleConnections" value="8" />
				-->
				<property name="poolMaximumCheckoutTime" value="20000" />
				<property name="poolPingEnabled" value="true" />			
				<property name="poolPingQuery" value="select 1" />
				<property name="poolPingConnectionsNotUsedFor" value="7200" />
				<property name="poolTimeToWait" value="30000" />
			</dataSource>
		</environment>
		<!-- 아래처럼 id만 바꿔서 추가할 수 있다. -->
		<!-- <environment id="ekp"> <transactionManager type="JDBC"/> <dataSource 
			type="POOLED"> <property name="driver" value="oracle.jdbc.driver.OracleDriver"/> 
			<property name="url" value="jdbc:oracle:thin:@127.0.0.1:1521:ora816"/> <property 
			name="username" value="ekp"/> <property name="password" value="ekp"/> </dataSource> 
			</environment> -->
		<!-- End -->
		<!-- 포털 접속 정보 -->
		<environment id="nypi">
			<transactionManager type="JDBC" />
			<dataSource type="POOLED">
				<property name="driver" value="${nypi.driverClass}" />
				<property name="url" value="${nypi.url}" />
				<property name="username" value="${nypi.username}" />
				<property name="password" value="${nypi.password}" />
			</dataSource>
		</environment>
	</environments>

    <databaseIdProvider type="org.apache.ibatis.mapping.VendorDatabaseIdProvider">
        <property name="Oracle" value="oracle"/>
        <property name="MySQL" value="mysql"/>
		<property name="Maria" value="mysql"/>
		<property name="Tibero" value="oracle"/>
    </databaseIdProvider>

    <mappers>
		<mapper resource="com/imoxion/sensmail/common/mapper/MailDataMapper.xml"/>
        <mapper resource="com/imoxion/sensmail/common/mapper/ConnStateMapper.xml"/>
        <mapper resource="com/imoxion/sensmail/server/dao/mapper/MailboxMapper.xml"/>
        <mapper resource="com/imoxion/sensmail/server/dao/mapper/UserInfoMapper.xml" />
        <mapper resource="com/imoxion/sensmail/server/dao/mapper/DomainInfoMapper.xml" />
        <mapper resource="com/imoxion/sensmail/server/dao/mapper/MailDataMapper.xml" />
        <mapper resource="com/imoxion/sensmail/server/dao/mapper/ManageMapper.xml" />
        <mapper resource="com/imoxion/sensmail/server/dao/mapper/Pop3Mapper.xml"/>
        <mapper resource="com/imoxion/sensmail/server/dao/mapper/BackupMapper.xml"/>
        <mapper resource="com/imoxion/sensmail/server/dao/mapper/EtcMapper.xml"/>
        <mapper resource="com/imoxion/sensmail/server/dao/mapper/CalendarMapper.xml"/>
		<mapper resource="com/imoxion/sensmail/server/dao/mapper/GroupMailMapper.xml"/>
        <package name="com.imoxion.sensmail.server.dao.approval"/>
    </mappers>
</configuration>