<?xml version="1.0" encoding="ISO-8859-1" ?>
<!--
	server.xml
	- 이 설정파일은 메일 송수신시 사용된는 필터 설정파일이다.
	메일 수신적에 RBL을 검사하거나 메일 저장시 본문 저장 또는 아카이빙 연동시 설정하는 파일이다
-->
<server>
	<datasource name="newmail" driverCassName="com.mysql.jdbc.Driver"
		url="jdbc:mysql://localhost:3306/sensmail_nypi?zeroDateTimeBehavior=convertToNull&amp;useUnicode=true&amp;characterEncoding=utf8" 
		username="root" password="sensmail" />

	<datasource name="oldmail" driverClassName="com.mysql.jdbc.Driver"
		url="jdbc:mysql://203.254.187.15:3306/icomail?zeroDateTimeBehavior=convertToNull&amp;useUnicode=true&amp;characterEncoding=euckr" 
		username="imoxion" password="imoxion" />

	<SMTP>
		<SMTPConnectionFilter class="com.imoxion.sensmail.server.smtp.ImSMTPCheckIP" />
		<SMTPConnectionFilter
			class="com.imoxion.sensmail.server.smtp.ImSMTPCheckSpamIP" />
		<SMTPFromFilter
			class="com.imoxion.sensmail.server.smtp.ImSMTPCheckSpamEmail" />
		<SMTPAuthFilter class="com.imoxion.sensmail.server.smtp.ImSMTPAuthPerHour"
			use="true">
			<Parameter name="AuthTerm">2</Parameter>
			<Parameter name="AuthCount">10</Parameter>
			<Parameter name="Exception"></Parameter>
		</SMTPAuthFilter>
	</SMTP>
	<USER>
		<DomainInfo class="com.imoxion.sensmail.server.user.ImDomainInfo" />
		<UserInfo class="com.imoxion.sensmail.server.user.ImUserInfo" />
	</USER>
	<SMAIL>
		<SMAILLocalFilter
			class="com.imoxion.sensmail.server.smail.ImSmailCheckVirus" use="false">
			<Parameter name="VirusSavePath">/apps/sensmail/virus</Parameter>
			<Parameter name="IsVirusSave">1</Parameter>
			<Parameter name="VirusDbPath">/usr/local/share/clamav</Parameter>
			<Parameter name="VirusProcPath">/apps/sensmail/virususr/local/bin/clamscan
			</Parameter>
		</SMAILLocalFilter>
		<SMAILLocalSpamFilter
			class="com.imoxion.sensmail.server.smail.ImSmailCheckSBLList" use="false">
			<Parameter name="server">cbl.abuseat.org</Parameter>
			<Parameter name="message">Message from $[client_ip] rejected - see
				http://cbl.abuseat.org/lookup.cgi?ip=$[client_ip]
			</Parameter>
		</SMAILLocalSpamFilter>
		<SMAILLocalSpamFilter
			class="com.imoxion.sensmail.server.smail.ImSmailCheckSBLList" use="false">
			<Parameter name="server">bl.spamcop.net</Parameter>
			<Parameter name="message">Message from $[client_ip] rejected - see
				http://spamcop.net/bl.shtml?$[client_ip]
			</Parameter>
		</SMAILLocalSpamFilter>

		<SMAILLocalSpamFilter
			class="com.imoxion.sensmail.server.smail.ImSmailCheckSURBLList" use="false">
		</SMAILLocalSpamFilter>

		<SMAILLocalSpamFilter
			class="com.imoxion.sensmail.server.smail.ImSmailSPFFilter" use="false">
		</SMAILLocalSpamFilter>

		<SMAILLocalSpamFilter
			class="com.imoxion.sensmail.server.smail.ImSmailCheckBody" use="false">
		</SMAILLocalSpamFilter>
		<SMAILLocalFilter
			class="com.imoxion.sensmail.server.smail.ImSmailBackupMessage" use="false">
			<Parameter name="BackupPath">/maildata/backup</Parameter>
		</SMAILLocalFilter>
		<!-- 아카이빙 연동시만 설정 <SMAILLocalFilter class="com.imoxion.sensmail.server.smail.ImLocalArchiveFilter" 
			use="false"> <Parameter name="LOCAL_IP">127.0.0.1\,110.45.136.139</Parameter> 
			<Parameter name="TEMP_PATH">/apps/sensarchiving/spool</Parameter> </SMAILLocalFilter> 
			<SMAILRemoteFilter class="com.imoxion.sensmail.server.smail.ImRemoteArchiveFilter" 
			use="false"> <Parameter name="LOCAL_IP">127.0.0.1\,110.45.136.139</Parameter> 
			<Parameter name="TEMP_PATH">/apps/sensarchiving/spool</Parameter> <Parameter 
			name="NO_ARCH"></Parameter> </SMAILRemoteFilter> -->
		<SMAILLocalSaveFilter
			class="com.imoxion.sensmail.server.smail.ImSmailLocalSave">
		</SMAILLocalSaveFilter>
		
		<SMAILAfterSaveFilter
			class="com.imoxion.sensmail.server.smail.ImSmailBodySummary" use="true">
		</SMAILAfterSaveFilter>
		
		<!-- 메시저 알림연동 -->
		<SMAILAfterSaveFilter
			class="com.imoxion.sensmail.server.smail.ImSmailEzQMessAlert" use="true">
		</SMAILAfterSaveFilter>

	</SMAIL>
</server>

