<?xml version="1.0" encoding="UTF-8" ?>
<!DOCTYPE mapper PUBLIC "-//mybatis.org//DTD Mapper 3.0//EN"   "http://mybatis.org/dtd/mybatis-3-mapper.dtd">
<mapper namespace="com.imoxion.sensmail.server.dao.mapper.DomainInfoMapper">
	<!-- ********************INSERT********************** -->
		
	<!-- ********************DELETE********************** -->
	
	
	<!-- ********************UPDATE********************** -->
	<update id="updateDomainUserCount">
	    UPDATE ims_tbldomain SET curruser = #{curruser} WHERE mhost=#{mhost}
	</update>
	
	<update id="increaseDomainUserCount">
	    UPDATE ims_tbldomain SET curruser = curruser + 1 WHERE mhost=#{mhost}
	</update>
	
	<update id="updateDateDomainInfo">
	    UPDATE ims_tbldomain SET update_date = sysdate
	</update>
	
	<update id="updateDateDomainInfoBycurrDate">
	    UPDATE ims_tbldomain SET update_date = #{currDate}
	</update>
	
	<!-- ********************SELECT********************** -->	
	<!-- 가상도메인로 실제 도메인을 가져온다. -->
	<select id="getAliasDomain" resultType="string">
	    SELECT mhost FROM ims_tbldomain_alias WHERE alias=#{alias}
	</select>

	<!-- 실제 도메인로 가상 도메인을 가져온다. -->
	<select id="getDomainAlias" resultType="string">
	    SELECT alias FROM ims_tbldomain_alias WHERE mhost=#{mhost}
	</select>
	
	<!-- 도메인 정보를 가져온다. -->
	<select id="getDomainInfoForMhost" resultType="domaininfo">
	    SELECT * FROM ims_tbldomain WHERE mhost=#{mhost}
	</select>

    <select id="getDomainInfoForDomain" resultType="domaininfo">
        SELECT * FROM ims_tbldomain WHERE domain=#{domain}
    </select>

    <select id="getDomainInfoForAliasDomain" resultType="domaininfo">
        select b.* from ims_tbldomain_alias a
        left join ims_tbldomain b on a.mhost = b.mhost
        where a.alias = #{alias}
    </select>

	<!-- 도메인 정보를 목록 가져온다. -->
	<select id="getDomainList" resultType="domaininfo">
	    SELECT * FROM ims_tbldomain
	</select>
	
	<select id="getDeletedDomainList" resultType="domaininfo">
	    SELECT * FROM ims_tbldomain where is_deleted = '1'
	</select>
	
	<select id="getDomainAliasList" resultType="string">
	    SELECT alias FROM ims_tbldomain_alias
	</select>
	
	<!-- 동일한 ahost가 몇개인지 확인  -->
	<select id="getAhostCount" resultType="int">
	    SELECT count(*) as cnt FROM ims_tbldomain where ahost=#{ahost}
	</select>
		
</mapper>