<?xml version="1.0" encoding="UTF-8" ?>
<!DOCTYPE mapper PUBLIC "-//mybatis.org//DTD Mapper 3.0//EN"   "http://mybatis.org/dtd/mybatis-3-mapper.dtd">

<mapper namespace="com.imoxion.sensmail.server.dao.mapper.SeoulOrgSyncMapper">
	<update id="updatePortal">
		UPDATE ldap_user_tbl SET intermail = #{email}, mail = #{email} 
		WHERE outer_key = #{rkey_code}
	</update>
	
	<select id="getVGuList" resultType="orgCode">
		SELECT code, domain FROM v_gu_list
		WHERE ENABLE = 1
    </select>
    
    <select id="getuserTempList" resultType="userTemp">
		SELECT * FROM ims_user_temp
		WHERE change_date >= TO_DATE(#{date}, 'YYYYMMDDHH24MISS')		
		ORDER BY change_date ASC
    </select>
    
    <select id="getmailGroupTempList" resultType="orgTemp">
		SELECT * FROM v_mail_group_temp
		WHERE group_enable = 1 AND change_date >= TO_DATE(#{date}, 'YYYYMMDDHH24MISS')
		ORDER BY change_date ASC
    </select>
</mapper>