<?xml version="1.0" encoding="UTF-8" ?>
<!DOCTYPE mapper PUBLIC "-//mybatis.org//DTD Mapper 3.0//EN"   "http://mybatis.org/dtd/mybatis-3-mapper.dtd">
<mapper namespace="com.imoxion.sensmail.server.dao.mapper.UserInfoMapper">
	<resultMap id="userInfoMap" type="userinfo" autoMapping="true">
        <id column="mhost" property="mhost"/>
        <id column="userid" property="userid"/>
        <collection property="option" javaType="userInfoOption" resultMap="userInfoOptionMap"/>
    </resultMap>
    
    <resultMap id="userInfoOptionMap" type="userInfoOption" autoMapping="true">
        <id column="mhost" property="mhost"/>
        <id column="userid" property="userid"/>
    </resultMap>
    
    <!-- ********************INSERT********************** -->
    <!-- 사용자 정보 추가 -->
	<insert id="insertUserInfo" parameterType="userinfo">
        INSERT INTO ims_userinfo (
        	userid, mhost, mailid, passwd, pwd_type, utype, perms, name, part_no, tbl_no, 
        	mboxsize, pdssize, attachsize, popenable, iscapgroup, capgroup_id, receiver_enable, gid,
        	regdate, inbox_key, call, ahost
        ) VALUES (
        	#{userid}, #{mhost}, #{mailid}, #{passwd}, #{pwd_type}, #{utype}, #{perms}, #{name}, #{part_no}, #{tbl_no}, 
			#{mboxsize}, #{pdssize}, #{attachsize}, #{popenable}, #{iscapgroup}, #{capgroup_id}, #{receiver_enable}, #{gid}, 
			#{regdate}, #{inbox_key}, #{call}, #{ahost}
        )
	</insert>
	
	<!-- 사용자 옵션 정보 추가 -->
	<insert id="insertUserInfoOption" parameterType="userInfoOption">
		INSERT INTO ims_userinfo_option (
			mhost, userid, sex, birthday, sl_flag, zipcode, address, tel, handphone, 
			deptcode, deptname, position, role, orgname, deptorder, rkey_code, user_key, gk_code, gk_id, user_sid
		) VALUES(
			#{mhost}, #{userid}, #{sex}, #{birthday}, #{sl_flag}, #{zipcode}, #{address}, #{tel}, #{handphone}, 
			#{deptcode}, #{deptname}, #{position}, #{role}, #{orgname}, #{deptorder}, #{rkey_code}, 
			#{user_key}, #{gk_code}, #{gk_id}, #{user_sid}
		)
	</insert>
	
	<insert id="insertKeyPairInfo">
		INSERT INTO ims_keypair (mhost, userid, public_key, private_key, regdate) 
		VALUES (#{mhost}, #{userid}, #{public_key}, #{private_key}, #{regdate})
	</insert>
    
	<!-- ********************UPDATE********************** -->
	<!-- 사용자 메일 용량을 업데이트한다. -->
	<update id="updateUserMailSize">
	    UPDATE ims_userinfo SET currsize=#{currsize} WHERE userid=#{userid} AND mhost=#{mhost}
	</update>

	<!-- 사용자 메일 용량을 빼준다. -->
	<update id="updateUserMailSizeMinus">
	    UPDATE ims_userinfo SET currsize=currsize-#{currsize} WHERE userid=#{userid} AND mhost=#{mhost}
	</update>
	
	<!-- 사용자 비밀번호 틀린 횟수를 업데이트한다. -->
	<update id="updatePasswordFail" >
	    UPDATE ims_userinfo set passwd_failcnt = passwd_failcnt + 1 WHERE mhost=#{mhost} AND USERID=#{userid}
	</update>
	
	<!-- pop3 사용 차단 -->
	<update id="updateDisablePop3">
		update ims_userinfo set popenable = 0 where mhost=#{mhost} and mailid=#{userid}
	</update>

	<update id="updateDisableSmtp">
		update ims_userinfo set smtpperms = 0 where mhost=#{mhost} and mailid=#{userid} and smtpperms='1'
	</update>
	
	<update id="updateUserInfo" parameterType="userinfo">
		UPDATE ims_userinfo 
		<set>
			name = #{name}, receiver_enable = #{receiver_enable}, isext = #{isext}, 
			ahost = #{ahost}, old_ahost = #{old_ahost}, moddate = #{moddate}, modid = #{modid}
			<if test="receiver_enable == 1">
			, del_time = 0 
			</if>
		</set> 
		WHERE mhost = #{mhost} AND userid = #{userid}
	</update>
	
	<update id="updateDeleteUserInfo">
		UPDATE ims_userinfo SET receiver_enable = #{receiver_enable}, 
				delete_date = #{currDate}, moddate = #{currDate}, modid = #{modid}
		WHERE mhost = #{mhost} AND userid = #{userid}
	</update>
	
	<update id="updateUserInfoOption" parameterType="userInfoOption">        
		UPDATE
			ims_userinfo_option
        <set>
			<if test="birthday != null">
				birthday = #{birthday},
			</if>
			<if test="tel != null">
				tel = #{tel},
			</if>
			<if test="handphone != null">
				handphone = #{handphone},
			</if>
			<if test="sex != null">
				sex = #{sex},
			</if>
			<if test="position != null">
				position = #{position},
			</if>
			<if test="deptcode != null">
				deptcode  = #{deptcode},
			</if>
			<if test="deptname != null">
				deptname = #{deptname},
			</if>
			<if test="deptorder != null">
				deptorder = #{deptorder},
			</if>
			<if test="orgname != null">
				orgname = #{orgname},
			</if>
			<if test="role != null">
				role = #{role},
			</if>
			<if test="user_key != null">
				user_key = #{user_key},
			</if>
			<if test="gk_id != null">
				gk_id = #{gk_id},
			</if>
			<if test="gk_code != null">
				gk_code = #{gk_code},
			</if>
			<if test="user_sid != null">
				user_sid = #{user_sid},
			</if>
			<if test="rkey_code != null">
				rkey_code = #{rkey_code},
			</if>
        </set>
		WHERE mhost = #{mhost} and userid = #{userid}
	</update>
	
	<update id="updateDefaultGid">
		UPDATE ims_userinfo SET gid = #{gid} 
		WHERE ahost = #{domain} AND (gid != #{gid} AND gid != 2 AND gid != 7)
	</update>
	
	<update id="updateGuGid">
		UPDATE ims_userinfo SET gid = #{gid} 
		WHERE ahost != #{domain} AND (gid != #{gid} AND gid != 2 AND gid != 7)
	</update>
	
	<update id="updateStopGid">
		UPDATE ims_userinfo SET gid = #{gid} 
		WHERE (gid != #{gid} AND gid != 2 AND gid != 7) AND (receiver_enable = #{arg1} OR receiver_enable = #{arg2})
	</update>
	
	<select id="getAliasUser" resultType="userinfo">
	    select b.*, c.use_waitbox from ims_userinfo_alias a
        left join ims_userinfo b
        on a.mhost = b.mhost and a.userid = b.userid
        left join ims_userinfo_option c
        on b.mhost=c.mhost and b.userid = c.userid
        where a.mhost = #{mhost} and a.alias = #{alias}
	</select>

	<!-- 사용자 아이디로 가상 아이디를 가져온다. -->
	<select id="getUserAlias" resultType="string">
	    SELECT alias FROM ims_userinfo_alias WHERE mhost=#{mhost} AND userid=#{userid}
	</select>
	
	<!-- 사용자 정보를 가져온다. -->
	<!-- SELECT * FROM ims_userinfo WHERE mhost=#{mhost} AND userid=#{userid} AND (utype='U' OR utype='M') -->
	<select id="getUserInfo" resultType="userinfo">
		select a.*, b.use_waitbox,b.rkey_code from ims_userinfo a
        left join ims_userinfo_option b
        on a.mhost = b.mhost and a.userid = b.userid
        where a.mhost = #{mhost} and a.userid= #{userid} and (utype='U' OR utype='M')
	</select>

	<!-- SELECT * FROM ims_userinfo WHERE mhost=#{mhost} AND mailid=#{mailid} AND (utype='U' OR utype='M') -->
    <select id="getUserInfoForMailid" resultType="userinfo">
        select a.*, b.use_waitbox,b.rkey_code from ims_userinfo a
        left join ims_userinfo_option b
        on a.mhost = b.mhost and a.userid = b.userid
        where a.mhost = #{mhost} and a.mailid=#{mailid} and (utype='U' OR utype='M')
    </select>


	<!-- 사용자 목록을 가져온다. -->
	<select id="getUserList" resultType="userinfo">
    	SELECT * FROM ims_userinfo WHERE mhost=#{mhost} AND utype='U' order by mailid
	</select>

	<select id="getAllUserList" resultType="userinfo">
    	SELECT * FROM ims_userinfo WHERE utype='U'
	</select>
	
	<!-- 비밀번호 틀린 횟수를 가져온다. -->
	<select id="getPasswordFail" resultType="int">
    	SELECT passwd_failcnt FROM ims_userinfo WHERE mhost=#{mhost} AND USERID=#{userid}
	</select>
		
	<!-- 용량제를 사용하는지 여부를 가져온다. -->
	<select id="getIsRealGroup" resultType="int">
    	SELECT use_quota FROM ims_tblcapacity_group WHERE groupid=#{groupid}
	</select>
	
	<!-- 해당 도메인의 용량제 정보를 가져온다. -->
	<select id="getGroupCapSize" resultType="capgroup">
    	SELECT tot_size,curr_size FROM ims_tblcapacity_group WHERE groupid=#{groupid} AND mhost=#{mhost}
	</select>
	
	<!-- 메일 용량 경고에 해당하는 사용자를 가져온다.. -->
	<select id="getSizeAlertUser" resultType="userinfo">
		<![CDATA[
   		select mhost,userid,currsize,mboxsize,user_ratio from (select mhost,userid,currsize,mboxsize,
   		(currsize/(mboxsize*1024))*100 as user_ratio from ims_userinfo where mboxsize > 0 and (receiver_enable='1' or receiver_enable='11')) a 
   		where a.user_ratio > #{user_ratio} and a.user_ratio < 100
   		]]>
	</select>
	
	<!-- 메일 용량 경고에 해당하는 사용자를 가져온다.. -->
	<select id="getUserPOP3Before" resultType="string">
    	SELECT ipconntime FROM ims_userinfo WHERE userid=#{userid} AND mhost=#{mhost} AND ipconn=#{ipconn}
	</select>

	<select id="getGroupList" resultType="com.imoxion.sensmail.common.domain.GroupInfo">
    	SELECT * FROM ims_group
	</select>
	
	<select id="getGroupInfo" resultType="com.imoxion.sensmail.common.domain.GroupInfo">
    	SELECT * FROM ims_group where mhost=#{mhost} and gid=#{gid}
	</select>
	
	<select id="getDomainAllowCountryCode" resultType="allowCountry">
		select * from ims_tbldomain_country_code where mhost=#{mhost}
	</select>
	
	<select id="getUserAllowCountryCode" resultType="allowCountry">
		select * from ims_userinfo_country_code where mhost=#{mhost} and userid=#{userid}
	</select>

	<select id="getAllUserListMap" resultType="com.imoxion.sensmail.server.beans.ImUserInfoBean">
		select mailid, userid
		from ims_userinfo
		where  mhost=#{mhost}
	</select>

	<select id="getUserInfoOfRkeyCode" resultMap="userInfoMap">
        SELECT a.*, b.*
        FROM ims_userinfo a LEFT JOIN ims_userinfo_option b ON a.mhost = b.mhost AND a.userid = b.userid
        WHERE b.rkey_code = #{rkey_code}
    </select>
    
    <select id="existMailId" resultType="int">
		SELECT count(1) FROM ims_userinfo 
		WHERE mhost = #{mhost} AND mailid = #{mailid}
	</select>
</mapper>